{
  "n": 120,
  "T": 8,
  "acc": {
    "full": 0.5,
    "sld": 0.5,
    "early_exit": 0.5
  },
  "matches_full_loop": {
    "sld": 0.925,
    "early_exit": 0.925
  },
  "mean_rounds": {
    "full": 8,
    "sld": 4.416666666666667,
    "early_exit": 4.475
  },
  "wall_ms": {
    "full": 134.81005937549827,
    "sld": 89.51006098359358,
    "early_exit": 90.4304583974105
  },
  "speedup": {
    "sld": 1.5060883424066465,
    "early_exit": 1.4907594384079625
  }
}